<?xml version="1.0" encoding="UTF-8"?>
<DATA>
	<HEADER>		
		<SENDER_CODE>CMCLIS</SENDER_CODE>
		<SENDER_NAME>Hệ thống quản lý đất đai</SENDER_NAME>	
		<MESSAGE_CODE></MESSAGE_CODE>			
		<MESSAGE_TYPE>HO_SO_DIA_CHINH</MESSAGE_TYPE>			
		<SEND_DATE>04-Apr-2019 15:40:54</SEND_DATE>		
	</HEADER>
	<BODY>		
		<HOSO_THUE>
			<HOSOTHUEDTU xmlns:xsi="http://www.w3.org/2001/XMLSchema-instance" xmlns="http://kekhaithue.gdt.gov.vn/TKhaiThue">
				<HSOKHAITHUE ID ="_NODE_TO_SIGN">
					<HEADER>
						<VERSION/>
						<SENDER_CODE/>
						<SENDER_NAME/>
						<RECEIVER_CODE/>
						<RECEIVER_NAME/>
						<TRAN_TYPE/>
						<REQUEST_ID/>
						<REQUEST_DATE/>
						<ORIGINAL_CODE/>
						<ORIGINAL_NAME/>
						<ORIGINAL_DATE/>
						<ERROR_CODE/>
						<ERROR_DESC/>
						<NGAYCHUYEN/>
						<NGUOICHUYEN/>
					</HEADER>
					<BODY>
						<ROW>
							<SYSTEM_INFO>
								<MSG_TYPE>HO_SO_DIA_CHINH</MSG_TYPE>
								<SEQ_ID>010203040506070809</SEQ_ID>
								<SEQ_REFID>010203040506070809</SEQ_REFID>
								<ERROR_NOTE></ERROR_NOTE>
							</SYSTEM_INFO>
							<TT_CHUNG>
								<MA_HS>MA_HS_001122334455</MA_HS>
								<MA_GCN>MA_GCN_001122334455</MA_GCN>
								<SO_PHIEU>SO_PHIEU_001122334455</SO_PHIEU>
								<NGAY_DUYET>04-Apr-2019 15:40:54</NGAY_DUYET>
								<NGUOI_DUYET>NVNGHI</NGUOI_DUYET>
								<LOAI_DENGHI>LOAI_DENGHI_001122334455</LOAI_DENGHI>
								<LOAI_HOSO>LOAI_HOSO_001122334455</LOAI_HOSO>
								<DK_GHINO_NVTC>DK_GHINO_NVTC_001</DK_GHINO_NVTC>
								<TT_NO_NVTC>TT_NO_NVTC_001</TT_NO_NVTC>
								<TT_SOHUU>TT_SOHUU_Trần Văn A</TT_SOHUU>
								<HSPL_VEDAT>HSPL_VEDAT_001</HSPL_VEDAT>
								<THOIDIEM_NOPHS>04-Apr-2019 15:40:54</THOIDIEM_NOPHS>
								<SO_GCN_QSD>SO_GCN_QSD_001</SO_GCN_QSD>
								<NGAYCAP_GCN>04-Apr-2019 15:40:54</NGAYCAP_GCN>
								<NOI_CAP_GCN>Hà Nội</NOI_CAP_GCN>
							</TT_CHUNG>
							<TT_NSD>
								<NGUOI_MUA>
									<DOITUONG>DOITUONG001</DOITUONG>
									<HOTEN>Trần Hưng Đạo</HOTEN>
									<LOAI_GIAYTO>LOAI_GIAYTO_001</LOAI_GIAYTO>
									<SO_GIAYTO>SO_GIAYTO_001</SO_GIAYTO>
									<NGAYCAP>04-Apr-2019 15:40:54</NGAYCAP>
									<NOICAP>HÀ NỘI</NOICAP>
									<NSD_TINH>04</NSD_TINH>
									<NSD_HUYEN>05</NSD_HUYEN>
									<NSD_XA>06</NSD_XA>
									<DIACHI>11 Duy Tân-Cầu Giấy-Hà Nội</DIACHI>
									<MST>010203040506</MST>
									<DIENTHOAI>0972455822</DIENTHOAI>
									<EMAIL>nvnghi@cmc.com.vn</EMAIL>
									<FAX>0972455822</FAX>
									<TY_LE_SH>1</TY_LE_SH>
									<MA_MG>MA_MG</MA_MG>
									<TEN_MG>TEN_MG</TEN_MG>
								</NGUOI_MUA>
								<NGUOI_BAN>
									<DOITUONG>DOITUONG002</DOITUONG>
									<HOTEN>Trần Quốc Tuấn</HOTEN>
									<LOAI_GIAYTO>LOAI_GIAYTO_002</LOAI_GIAYTO>
									<SO_GIAYTO>SO_GIAYTO_002</SO_GIAYTO>
									<NGAYCAP>04-Apr-2019 15:40:54</NGAYCAP>
									<NOICAP>HÀ NỘI</NOICAP>
									<NSD_TINH>04</NSD_TINH>
									<NSD_HUYEN>05</NSD_HUYEN>
									<NSD_XA>06</NSD_XA>
									<DIACHI>11 Duy Tân-Cầu Giấy-Hà Nội</DIACHI>
									<MST>010203040506</MST>
									<DIENTHOAI>0972455823</DIENTHOAI>
									<EMAIL>nvnghi02@cmc.com.vn</EMAIL>
									<FAX>0972455823</FAX>
									<TY_LE_SH>1</TY_LE_SH>
									<MA_MG>MA_MG</MA_MG>
									<TEN_MG>TEN_MG</TEN_MG>
								</NGUOI_BAN>
								<NGUOI_DAIDIEN>
									<DOITUONG/>
									<HOTEN/>
									<LOAI_GIAYTO/>
									<SO_GIAYTO/>
									<NGAYCAP/>
									<NOICAP/>
									<NSD_TINH/>
									<NSD_HUYEN/>
									<NSD_XA/>
									<DIACHI/>
									<MST/>
									<DIENTHOAI/>
									<EMAIL/>
									<FAX/>
								</NGUOI_DAIDIEN>
							</TT_NSD>
							<TT_THUADAT>
								<TT_DAT>
									<SO_THUADAT/>
									<SO_BANDO/>
									<DC_THUADAT/>
									<TINH_TP/>
									<QUAN_HUYEN/>
									<XA_PHUONG/>
									<DUONG_KHUVUC/>
									<DDUONG_KHUVUC/>
									<TEN_DOAN_DUONG/>
									<DT_DAT/>
								</TT_DAT>
								<TT_GHINO>
									<TSDD_DTICH/>
									<TSDD_NGAY/>
									<TSDD_NOIDUNG/>
									<LPTB_DTICH/>
									<LPTB_NGAY/>
									<LPTB_NOIDUNG/>
								</TT_GHINO>
								<TT_CHITIET>
									<TT_LOAIDAT/>
									<LOAIDAT/>
									<MDSD_HIENTAI/>
									<THOIDIEM_SDD/>
									<THOIHAN_SDD/>
									<NGUONGOC_DAT/>
									<HINH_THUC_SDD/>
									<DT_DAT/>
									<DTSD_CHUNG/>
									<DTSD_RIENG/>
									<DTSD_THM/>
									<DTSD_NHM/>
									<TT_LOAIDAT/>
									<TT_GIAODAT>
										<DTD_PHAI_NOP/>
										<DTD_TRONG_HM/>
										<DTD_NGOAI_HM/>
										<DTD_NGHIATRANG/>
										<DTD_KHAC/>
										<DT_KHONGNOP_TSDD/>
										<DOITUONGNOP_TSDD/>
										<TIEN_BTGPMB/>
										<TTDAT_DA_NOP/>
										<GIA_AN_DINH/>
									</TT_GIAODAT>
									<TT_THUEDAT>
										<DTD_PN_TTD/>
										<DTD_KPN_TTD/>
										<DT_DAT/>
										<DT_MATNUOC/>
										<DT_THUEDAT_XDCTN/>
										<DT_MATNUOC_CD/>
										<DT_MATNUOC_KCD/>
										<NGAY_BDAU_THUE/>
										<THOIHAN_THUE/>
										<TDAT_TRA_MOT_LAN/>
										<TDAT_DUOC_TRU/>
										<TDAT_BTGPMB/>
										<VITRI_MATNUOC/>
										<MUCDICH_SD/>
										<HINHTHUC_THUE/>
									</TT_THUEDAT>
									<TT_VITRI>
										<MDSD_HIENTAI/>
										<KHU_VUC/>
										<VITRI/>
										<MDSD_TCD/>
										<DT_DAT/>
										<DTICH_HT_LPTB/>
										<DTICH_HT_TNCN/>
										<DTICH_HT_TSDD/>
										<MA_VI_TRI_TRUOC/>
										<DO_SAU/>
										<LOAI_HEM/>
									</TT_VITRI>
								</TT_CHITIET>
							</TT_THUADAT>
							<TT_NHA>
								<CAPNHA/>
								<LOAINHA/>
								<DTXD/>
								<DTSXD/>
								<DTSHC_CDT/>
								<DTSHC_NSDD/>
								<DTSH_RIENG/>
								<TYLE_CLCL/>
								<NGUONGOC_NHA/>
								<NAM_HOANCONG/>
								<CO_HSXN_NHADAT/>
								<DT_PT_RIENG_LE/>
								<DT_PT_KHONG_RIENG_LE/>
								<DTICH_HT_NVTC/>
							</TT_NHA>
							<TT_CHUYENNHUONG>
								<LOAI_CN/>
								<LOAI_BDS/>
								<TEN_CHUDUAN/>
								<SO_HODONG/>
								<NGAY_HOPDONG/>
								<SO_HD_MUABAN/>
								<NOILAP_HD_MUABAN/>
								<NGAY_HD_MUABAN/>
								<CQ_CHUNGTHUC/>
								<NGAY_CHUNGTHUC/>
								<GIA_BANDAT_HD/>
								<GIA_BANNHA_HD/>
								<TONGGIA_MUA_HD/>
								<SCT_KHOANTRU/>
								<GIATRI_DUOCTRU/>
								<GIATRI_MUA/>
								<TONGGIA_BAN_HD/>
							</TT_CHUYENNHUONG>
							<TT_MIENGIAM>
								<DTMG/>
								<SO_QDMG/>
								<NGAYRA_QDMG/>
								<CQCAP_QDMG/>
								<DTMG_MA/>
								<DTMG_TEN/>
								<DTMG_TY_LE/>
								<DTMG_THOI_GIAN/>
							</TT_MIENGIAM>
							<NVTC>
								<NV_LPTB/>
								<NV_TSDD/>
								<NV_TNCN/>
								<NV_TIENTHUE/>
							</NVTC>
						</ROW>
					</BODY>				
					<SECURITY>
						<SIGNATURE/>
						<USERNAME/>
						<PASSWORD/>
					</SECURITY>
				</HSOKHAITHUE>
			</HOSOTHUEDTU>	
		</HOSO_THUE>
		<DATA_FILE>
		</DATA_FILE>
	</BODY>	
</DATA>
