<HOSOTHUEDTU xmlns:xsi="http://www.w3.org/2001/XMLSchema-instance" xmlns="http://kekhaithue.gdt.gov.vn/TKhaiThue">
	<HSOKHAITHUE ID ="_NODE_TO_SIGN">
		<HEADER>
			<VERSION>0.0.0.1</VERSION>
			<SENDER_CODE>CMCLIS</SENDER_CODE>
			<SENDER_NAME>Hệ thống quản lý đất đai</SENDER_NAME>
			<RECEIVER_CODE>GOVTAX</RECEIVER_CODE>
			<RECEIVER_NAME>Cục thuế Hà Nội</RECEIVER_NAME>
			<TRAN_TYPE>4</TRAN_TYPE>
			<REQUEST_ID></REQUEST_ID>
			<REQUEST_DATE></REQUEST_DATE>
			<ORIGINAL_CODE></ORIGINAL_CODE>
			<ORIGINAL_NAME></ORIGINAL_NAME>
			<ORIGINAL_DATE></ORIGINAL_DATE>
			<ERROR_CODE></ERROR_CODE>
			<ERROR_DESC></ERROR_DESC>
		</HEADER>
		<BODY>
			<ROW>			
				<SYSTEM_INFO>
					<MSG_TYPE>HO_SO_DIA_CHINH</MSG_TYPE>
					<SEQ_ID>010203040506070809</SEQ_ID>
					<SEQ_REFID>010203040506070809</SEQ_REFID>
					<ERROR_NOTE/>
				</SYSTEM_INFO>
				<TT_CHUNG>				
					<MA_HS>MA_HS_001122334455</MA_HS>
					<MA_GCN>MA_GCN_001122334455</MA_GCN>
					<SO_PHIEU>SO_PHIEU_001122334455</SO_PHIEU>
					<NGAYCHUYEN>04-Apr-2019 15:40:54</NGAYCHUYEN>
					<NGUOICHUYEN>NVNGHI</NGUOICHUYEN>
					<LOAI_DENGHI>LOAI_DENGHI_001122334455</LOAI_DENGHI>
					<LOAI_HOSO>LOAI_HOSO_001122334455</LOAI_HOSO>
					<DK_GHINO_NVTC>DK_GHINO_NVTC_001</DK_GHINO_NVTC>
					<TT_NO_NVTC>TT_NO_NVTC_001</TT_NO_NVTC>
					<TT_SOHUU>TT_SOHUU_Trần Văn A</TT_SOHUU>
				</TT_CHUNG>
			</ROW>
		</BODY>
		<SECURITY>
			<SIGNATURE/>
		</SECURITY>
	</HSOKHAITHUE>	
</HOSOTHUEDTU>


