<?xml version="1.0" encoding="UTF-8"?>
<HOSOTHUEDTU xmlns:xsi="http://www.w3.org/2001/XMLSchema-instance" xmlns="http://kekhaithue.gdt.gov.vn/TKhaiThue">
	<HSOKHAITHUE ID ="_NODE_TO_SIGN">
		<HEADER>
			<VERSION>0.0.0.1</VERSION>
			<SENDER_CODE>CMCLIS</SENDER_CODE>
			<SENDER_NAME>Hệ thống quản lý đất đai</SENDER_NAME>
			<RECEIVER_CODE>GOVTAX</RECEIVER_CODE>
			<RECEIVER_NAME>Cục thuế Hà Nội</RECEIVER_NAME>
			<TRAN_TYPE>4</TRAN_TYPE>
			<REQUEST_ID></REQUEST_ID>
			<REQUEST_DATE></REQUEST_DATE>
			<ORIGINAL_CODE></ORIGINAL_CODE>
			<ORIGINAL_NAME></ORIGINAL_NAME>
			<ORIGINAL_DATE></ORIGINAL_DATE>
			<ERROR_CODE></ERROR_CODE>
			<ERROR_DESC></ERROR_DESC>
		</HEADER>
		<BODY>
			<ROW>
				<THAMSO>
					<MSG_TYPE/>
					<MA_HS/>
					<MA_GCN/>
					<SO_PHIEU/>
				</THAMSO>
				<KETQUA>
					<MA_HS/>
					<MA_GCN/>
					<MA_CQT/>
					<SO_PHIEU/>
					<NGAYTRA/>
					<NGUOITRA/>
					<TONG_PHAI_NOP/>
					<TONG_MIEN_GIAM/>
					<TONG_DA_NOP/>
					<TONG_CON_PNOP/>
					<MA_KETQUA/>
					<DIEN_GIAI/>
				</KETQUA>
				<NNT>
					<NNT_TEN/>
					<NNT_MST/>
					<NNT_CMT/>
					<NNT_DIA_CHI/>
					<CREATE_DATE/>
					<TONG_PHAI_NOP/>
					<TONG_MIEN_GIAM/>
					<TONG_DA_NOP/>
					<TONG_CON_PNOP/>
					<LPTB_SO_THONG_BAO/>
					<LPTB_NGAY_THONG_BAO/>
					<LPTB_HAN_NOP/>
					<LPTB_SO_QDMG/>
					<LPTB_NGAY_QD/>
					<LPTB_PHAI_NOP/>
					<LPTB_MIEN_GIAM/>
					<LPTB_DA_NOP/>
					<LPTB_CON_PNOP/>
					<LPTB_DULIEU/>
					<TSDD_SO_THONG_BAO/>
					<TSDD_NGAY_THONG_BAO/>
					<TSDD_HAN_NOP/>
					<TSDD_SO_QDMG/>
					<TSDD_NGAY_QD/>
					<TSDD_PHAI_NOP/>
					<TSDD_MIEN_GIAM/>
					<TSDD_DA_NOP/>
					<TSDD_CON_PNOP/>
					<TSDD_DULIEU/>
					<TNCN_SO_THONG_BAO/>
					<TNCN_NGAY_THONG_BAO/>
					<TNCN_HAN_NOP/>
					<TNCN_SO_QDMG/>
					<TNCN_NGAY_QD/>
					<TNCN_PHAI_NOP/>
					<TNCN_MIEN_GIAM/>
					<TNCN_DA_NOP/>
					<TNCN_CON_PNOP/>
					<TNCN_DULIEU/>
					<TMD_SO_THONG_BAO/>
					<TMD_NGAY_THONG_BAO/>
					<TMD_HAN_NOP/>
					<TMD_SO_QDMG/>
					<TMD_NGAY_QD/>
					<TMD_PHAI_NOP/>
					<TMD_MIEN_GIAM/>
					<TMD_DA_NOP/>
					<TMD_CON_PNOP/>
					<TMD_DULIEU/>
					<TMN_SO_THONG_BAO/>
					<TMN_NGAY_THONG_BAO/>
					<TMN_HAN_NOP/>
					<TMN_SO_QDMG/>
					<TMN_NGAY_QD/>
					<TMN_PHAI_NOP/>
					<TMN_MIEN_GIAM/>
					<TMN_DA_NOP/>
					<TMN_CON_PNOP/>
					<TMN_DULIEU/>
				</NNT>
			</ROW>
		</BODY>
		<SECURITY>
			<SIGNATURE/>
		</SECURITY>
	</HSOKHAITHUE>
</HOSOTHUEDTU>
